Workbook

Sheet Summary
A1: Metric | B1: Value
A2: Operations Total | B2: =SUMIFS(Transactions!$H$2:$H$1201,Transactions!$C$2:$C$1201,"OPS") -> 696140
A3: Approved Average | B3: =AVERAGEIFS(Transactions!$H$2:$H$1201,Transactions!$I$2:$I$1201,"Yes") -> 2828.3467
A4: Rejected Count | B4: =COUNTIFS(Transactions!$I$2:$I$1201,"No") -> 171
A5: Maximum | B5: =MAX(Transactions!$H$2:$H$1201) -> 5816.7
A6: Minimum | B6: =MIN(Transactions!$H$2:$H$1201) -> 112.2
A7: Lookup Example | B7: =_xlfn.XLOOKUP("OPS",Departments!$A$2:$A$6,Departments!$B$2:$B$6,"Unknown") -> Operations
A8: Dynamic Array Example | B8: =_xlfn.UNIQUE(Transactions!$C$2:$C$1201) -> FIN

Sheet Transactions
A1: ID | B1: Date | C1: Department | D1: Category | E1: Amount | F1: TaxRate | G1: Tax | H1: Total | I1: Approved | J1: DeptName
A2: TX-00001 | B2: 45659 | C2: FIN | D2: Supplies | E2: 137 | F2: =VLOOKUP(D2,Lookup!$A$2:$B$4,2,FALSE()) -> 0.1 | G2: =ROUND(E2*F2,2) -> 13.7 | H2: =E2+G2 -> 150.7 | I2: Yes | J2: =_xlfn.XLOOKUP(C2,Departments!$A$2:$A$6,Departments!$B$2:$B$6,"Unknown") -> Finance
A3: TX-00002 | B3: 45660 | C3: QLT | D3: Capital | E3: 174 | F3: =VLOOKUP(D3,Lookup!$A$2:$B$4,2,FALSE()) -> 0.15 | G3: =ROUND(E3*F3,2) -> 26.1 | H3: =E3+G3 -> 200.1 | I3: Yes | J3: =_xlfn.XLOOKUP(C3,Departments!$A$2:$A$6,Departments!$B$2:$B$6,"Unknown") -> Quality
A4: TX-00003 | B4: 45661 | C4: HR | D4: Services | E4: 211 | F4: =VLOOKUP(D4,Lookup!$A$2:$B$4,2,FALSE()) -> 0.05 | G4: =ROUND(E4*F4,2) -> 10.55 | H4: =E4+G4 -> 221.55 | I4: Yes | J4: =_xlfn.XLOOKUP(C4,Departments!$A$2:$A$6,Departments!$B$2:$B$6,"Unknown") -> Human Resources
A5: TX-00004 | B5: 45662 | C5: IT | D5: Supplies | E5: 248 | F5: =VLOOKUP(D5,Lookup!$A$2:$B$4,2,FALSE()) -> 0.1 | G5: =ROUND(E5*F5,2) -> 24.8 | H5: =E5+G5 -> 272.8 | I5: Yes | J5: =_xlfn.XLOOKUP(C5,Departments!$A$2:$A$6,Departments!$B$2:$B$6,"Unknown") -> Technology
A6: TX-00005 | B6: 45663 | C6: OPS | D6: Capital | E6: 285 | F6: =VLOOKUP(D6,Lookup!$A$2:$B$4,2,FALSE()) -> 0.15 | G6: =ROUND(E6*F6,2) -> 42.75 | H6: =E6+G6 -> 327.75 | I6: Yes | J6: =_xlfn.XLOOKUP(C6,Departments!$A$2:$A$6,Departments!$B$2:$B$6,"Unknown") -> Operations
A7: TX-00006 | B7: 45664 | C7: FIN | D7: Services | E7: 322 | F7: =VLOOKUP(D7,Lookup!$A$2:$B$4,2,FALSE()) -> 0.05 | G7: =ROUND(E7*F7,2) -> 16.1 | H7: =E7+G7 -> 338.1 | I7: Yes | J7: =_xlfn.XLOOKUP(C7,Departments!$A$2:$A$6,Departments!$B$2:$B$6,"Unknown") -> Finance
A8: TX-00007 | B8: 45665 | C8: QLT | D8: Supplies | E8: 359 | F8: =VLOOKUP(D8,Lookup!$A$2:$B$4,2,FALSE()) -> 0.1 | G8: =ROUND(E8*F8,2) -> 35.9 | H8: =E8+G8 -> 394.9 | I8: No | J8: =_xlfn.XLOOKUP(C8,Departments!$A$2:$A$6,Departments!$B$2:$B$6,"Unknown") -> Quality
A9: TX-00008 | B9: 45666 | C9: HR | D9: Capital | E9: 396 | F9: =VLOOKUP(D9,Lookup!$A$2:$B$4,2,FALSE()) -> 0.15 | G9: =ROUND(E9*F9,2) -> 59.4 | H9: =E9+G9 -> 455.4 | I9: Yes | J9: =_xlfn.XLOOKUP(C9,Departments!$A$2:$A$6,Departments!$B$2:$B$6,"Unknown") -> Human Resources
A10: TX-00009 | B10: 45667 | C10: IT | D10: Services | E10: 433 | F10: =VLOOKUP(D10,Lookup!$A$2:$B$4,2,FALSE()) -> 0.05 | G10: =ROUND(E10*F10,2) -> 21.65 | H10: =E10+G10 -> 454.65 | I10: Yes | J10: =_xlfn.XLOOKUP(C10,Departments!$A$2:$A$6,Departments!$B$2:$B$6,"Unknown") -> Technology
A11: TX-00010 | B11: 45668 | C11: OPS | D11: Supplies | E11: 470 | F11: =VLOOKUP(D11,Lookup!$A$2:$B$4,2,FALSE()) -> 0.1 | G11: =ROUND(E11*F11,2) -> 47 | H11: =E11+G11 -> 517 | I11: Yes | J11: =_xlfn.XLOOKUP(C11,Departments!$A$2:$A$6,Departments!$B$2:$B$6,"Unknown") -> Operations
A12: TX-00011 | B12: 45669 | C12: FIN | D12: Capital | E12: 507 | F12: =VLOOKUP(D12,Lookup!$A$2:$B$4,2,FALSE()) -> 0.15 | G12: =ROUND(E12*F12,2) -> 76.05 | H12: =E12+G12 -> 583.05 | I12: Yes | J12: =_xlfn.XLOOKUP(C12,Departments!$A$2:$A$6,Departments!$B$2:$B$6,"Unknown") -> Finance
A13: TX-00012 | B13: 45670 | C13: QLT | D13: Services | E13: 544 | F13: =VLOOKUP(D13,Lookup!$A$2:$B$4,2,FALSE()) -> 0.05 | G13: =ROUND(E13*F13,2) -> 27.2 | H13: =E13+G13 -> 571.2 | I13: Yes | J13: =_xlfn.XLOOKUP(C13,Departments!$A$2:$A$6,Departments!$B$2:$B$6,"Unknown") -> Quality
... A1201: TX-01200 | B1201: 45763 | C1201: OPS | D1201: Services | E1201: 4500 | F1201: =VLOOKUP(D1201,Lookup!$A$2:$B$4,2,FALSE()) -> 0.05 | G1201: =ROUND(E1201*F1201,2) -> 225 | H1201: =E1201+G1201 -> 4725 | I1201: Yes | J1201: =_xlfn.XLOOKUP(C1201,Departments!$A$2:$A$6,Departments!$B$2:$B$6,"Unknown") -> Operations

Sheet Departments
A1: DepartmentCode | B1: DepartmentName
A2: OPS | B2: Operations
A3: FIN | B3: Finance
A4: QLT | B4: Quality
A5: HR | B5: Human Resources
A6: IT | B6: Technology

Sheet Lookup
A1: Category | B1: TaxRate
A2: Services | B2: 0.05
A3: Supplies | B3: 0.1
A4: Capital | B4: 0.15

Sheet Notes
A1: SYNTHETIC TEST DATA
A2: Pivot table is added by the LibreOffice UNO spike when available.

Sheet Pivot
A1: Filter
A3: Sum - Amount | B3: Department
A4: Category | B4: FIN | C4: HR | D4: IT | E4: OPS | F4: QLT | G4: Total Result
A5: Capital | B5: 214360 | C5: 205480 | D5: 223240 | E5: 196600 | F5: 187720 | G5: 1027400
A6: Services | B6: 199560 | C6: 190680 | D6: 208440 | E6: 226200 | F6: 217320 | G6: 1042200
A7: Supplies | B7: 189760 | C7: 220280 | D7: 193640 | E7: 211400 | F7: 202520 | G7: 1017600
A8: Total Result | B8: 603680 | C8: 616440 | D8: 625320 | E8: 634200 | F8: 607560 | G8: 3087200
